ID_MetodoPago,TipoPago,NombreBanco,FechaExpiracion
1,diners-club-carte-blanche,Parisian and Sons,2027-03
2,diners-club-carte-blanche,Ledner-Carter,2026-05
3,maestro,Reichel LLC,2026-08
4,americanexpress,"Stracke, Wuckert and Walker",2025-12
5,jcb,Kunze Group,2026-04
6,mastercard,Jast-Cummerata,2025-11
7,diners-club-international,Walsh-Gibson,2028-09
8,jcb,"Hoppe, Hammes and Kiehn",2026-09
9,diners-club-international,Bergnaum-Jenkins,2027-06
10,jcb,Williamson-Osinski,2025-12
11,jcb,Becker-Hirthe,2028-08
12,visa,"Treutel, Douglas and Rempel",2028-02
13,diners-club-enroute,Mohr-Brakus,2027-03
14,instapayment,Frami Inc,2026-11
15,switch,"Lind, Cummerata and Kessler",2025-11
16,jcb,"Hills, Schuppe and Hauck",2027-06
17,visa,Feest-Konopelski,2028-05
18,jcb,Carter-Flatley,2027-12
19,mastercard,Kub-Ziemann,2026-11
20,diners-club-enroute,Conroy LLC,2026-02
21,jcb,McDermott and Sons,2027-05
22,mastercard,Rodriguez Inc,2026-09
23,china-unionpay,"Botsford, Heathcote and Medhurst",2026-08
24,visa,"Klein, Nienow and Schuster",2028-02
25,diners-club-carte-blanche,"Kirlin, Ullrich and Olson",2028-09
26,visa,"Conroy, Nienow and Fahey",2027-08
27,switch,"Nienow, Wunsch and Mante",2028-02
28,maestro,"Purdy, Miller and Miller",2027-09
29,jcb,"Nolan, Reilly and Vandervort",2028-06
30,maestro,Beahan LLC,2027-08
31,laser,Treutel-Altenwerth,2028-02
32,china-unionpay,Turcotte-Jacobi,2026-07
33,jcb,"Yost, Mueller and Johns",2026-08
34,jcb,Lindgren-Predovic,2025-12
35,instapayment,"Fadel, Spinka and Schuppe",2027-02
36,switch,Kub LLC,2027-02
37,jcb,Kihn LLC,2026-05
38,china-unionpay,"Block, Krajcik and Miller",2027-04
39,jcb,Hudson and Sons,2026-12
40,maestro,Pfeffer-Hane,2027-01
41,americanexpress,"Heller, Feil and Daugherty",2027-08
42,jcb,Upton Inc,2026-04
43,diners-club-carte-blanche,Hamill and Sons,2026-04
44,jcb,Kautzer Group,2028-05
45,switch,"Wehner, Crona and Boehm",2027-03
46,solo,"West, Gulgowski and Abbott",2026-04
47,bankcard,Kunze-Runolfsdottir,2027-04
48,jcb,"Tremblay, Senger and Koch",2026-02
49,switch,Muller LLC,2026-12
50,jcb,Prosacco LLC,2027-11
51,jcb,"Dach, Moen and Larson",2026-04
52,jcb,Legros-Bradtke,2026-04
53,jcb,"Rohan, Hermann and King",2027-12
54,visa,"Hackett, Spencer and Kemmer",2028-08
55,jcb,"Rice, Lowe and Robel",2026-12
56,jcb,Watsica-Sporer,2026-04
57,visa-electron,"Gleason, Hahn and Moore",2027-08
58,jcb,Toy Group,2025-10
59,jcb,Gislason and Sons,2027-02
60,mastercard,Feest-Gerhold,2026-09
61,diners-club-international,Schultz and Sons,2027-10
62,bankcard,Hills and Sons,2026-04
63,diners-club-enroute,"Steuber, Hilll and Feil",2026-11
64,visa-electron,"Orn, Bahringer and Denesik",2026-05
65,jcb,"Herman, Walsh and Barrows",2026-11
66,americanexpress,Daniel and Sons,2026-08
67,jcb,Hand-Schamberger,2028-08
68,diners-club-carte-blanche,Hahn Inc,2026-12
69,jcb,"Tromp, Fisher and Spinka",2028-08
70,jcb,"Schuppe, Parisian and Reichel",2026-12
71,laser,Douglas Inc,2028-09
72,instapayment,Raynor-Walker,2026-05
73,visa-electron,Rosenbaum and Sons,2026-08
74,mastercard,Terry-McClure,2028-05
75,jcb,Ernser LLC,2027-06
76,americanexpress,"Crist, Stamm and Dietrich",2028-09
77,jcb,Stoltenberg and Sons,2026-03
78,maestro,Ritchie-Russel,2028-01
79,diners-club-carte-blanche,Gibson Inc,2027-04
80,mastercard,Hyatt-Bergnaum,2027-02
81,china-unionpay,Mosciski-Kuhn,2027-03
82,china-unionpay,Legros and Sons,2026-03
83,jcb,Bins LLC,2028-07
84,maestro,Torp-Corkery,2025-10
85,diners-club-us-ca,Marks-Pfeffer,2027-05
86,solo,Walter-Kuhn,2025-12
87,jcb,Mayer-Daugherty,2028-04
88,americanexpress,Kautzer Group,2025-12
89,jcb,Murphy-Gerlach,2028-08
90,jcb,"Koss, Williamson and Parisian",2025-10
91,jcb,"Rippin, Abernathy and Goldner",2027-04
92,bankcard,"Leannon, Trantow and Vandervort",2027-06
93,jcb,Smith-Howell,2026-07
94,mastercard,Gibson-Kuvalis,2027-04
95,jcb,Tremblay-Boyle,2025-12
96,jcb,"Homenick, Hilpert and Lindgren",2028-04
97,jcb,"DuBuque, Luettgen and Deckow",2027-12
98,maestro,Wehner LLC,2026-11
99,jcb,"Steuber, Kutch and Tremblay",2028-05
100,jcb,"Dibbert, Streich and Wolf",2025-12
101,maestro,"Bernier, Collins and McKenzie",2026-03
102,switch,"Quitzon, Frami and Marks",2026-08
103,jcb,"Wolff, Borer and Anderson",2027-09
104,mastercard,"Hand, Bergstrom and Ferry",2028-07
105,jcb,Lockman Group,2027-08
106,jcb,Gislason LLC,2026-10
107,jcb,"Bradtke, Gerhold and Tromp",2026-01
108,jcb,"Kozey, O'Kon and Witting",2028-05
109,jcb,Robel and Sons,2027-09
110,jcb,Kozey-Cole,2028-06
111,jcb,Considine-McKenzie,2026-04
112,maestro,"Konopelski, Jerde and Breitenberg",2027-12
113,jcb,Sawayn-Adams,2027-01
114,switch,Prohaska Group,2027-06
115,diners-club-us-ca,McLaughlin-Bayer,2027-10
116,jcb,Rau Inc,2028-06
117,jcb,"Fay, Satterfield and Lesch",2026-05
118,jcb,Doyle Inc,2026-09
119,americanexpress,"Balistreri, Heller and Gleason",2026-03
120,jcb,Spencer-Mosciski,2028-02
121,switch,Hettinger-Miller,2028-08
122,jcb,Hammes-Feeney,2026-11
123,jcb,Fadel LLC,2028-08
124,jcb,Hegmann LLC,2027-08
125,china-unionpay,Will-Grady,2026-02
126,jcb,"Kiehn, Sauer and Paucek",2027-10
127,jcb,Rempel-Bogan,2026-01
128,jcb,Hills-Zieme,2026-07
129,solo,Schaden Group,2027-05
130,jcb,Abshire-Dibbert,2026-09
131,jcb,Williamson-Hudson,2027-04
132,diners-club-carte-blanche,"Lowe, Douglas and Price",2026-06
133,jcb,Hartmann Group,2027-03
134,diners-club-carte-blanche,"Reilly, Zulauf and Raynor",2027-08
135,visa-electron,Koch-Beer,2026-12
136,diners-club-carte-blanche,Gerhold-Moore,2028-07
137,americanexpress,McDermott LLC,2026-11
138,jcb,Sporer-Stark,2027-07
139,americanexpress,Corkery-Collins,2027-01
140,maestro,Quitzon-Anderson,2025-11
141,diners-club-international,Kirlin-Bergstrom,2027-03
142,americanexpress,Weimann Group,2027-03
143,visa-electron,"Boehm, Moore and Ritchie",2028-08
144,jcb,Douglas Inc,2028-09
145,jcb,Abernathy-Sanford,2025-12
146,jcb,Champlin and Sons,2028-08
147,maestro,Wilderman-Kuvalis,2027-10
148,diners-club-enroute,Walker LLC,2027-08
149,jcb,"Fisher, Waters and Hyatt",2025-11
150,jcb,Schneider-Smitham,2026-10
151,mastercard,Cassin-Botsford,2028-03
152,americanexpress,Moore-Dooley,2027-01
153,mastercard,Gerhold-Torp,2027-03
154,switch,Auer Group,2025-11
155,diners-club-enroute,Hagenes LLC,2026-10
156,switch,Kohler Group,2025-10
157,visa-electron,"Kemmer, Strosin and Champlin",2028-04
158,diners-club-enroute,Feest-Leuschke,2027-12
159,instapayment,Satterfield Group,2028-06
160,jcb,Ankunding and Sons,2025-12
161,china-unionpay,"Barton, Pouros and Blick",2027-09
162,jcb,Connelly LLC,2028-04
163,diners-club-enroute,Wunsch LLC,2026-02
164,maestro,Thompson-Mayert,2027-10
165,instapayment,Johns Inc,2028-01
166,visa-electron,Watsica-Moen,2027-12
167,switch,Cummerata Inc,2028-05
168,visa,"McLaughlin, Bogan and Fritsch",2028-03
169,mastercard,"Schimmel, Sawayn and Hagenes",2026-09
170,laser,Gulgowski-Jerde,2026-09
171,jcb,Pfannerstill-Ziemann,2027-05
172,diners-club-enroute,Fadel Inc,2028-06
173,jcb,Predovic LLC,2026-06
174,jcb,Goyette-Pacocha,2026-12
175,jcb,Koelpin Group,2026-12
176,jcb,"Roob, Metz and Cummings",2027-08
177,visa,Bernhard Inc,2027-03
178,jcb,"Kshlerin, Mayert and Haag",2027-05
179,jcb,Mosciski LLC,2028-08
180,jcb,Romaguera Group,2025-12
181,jcb,Hackett-Armstrong,2026-01
182,switch,Haag-Bauch,2028-08
183,diners-club-carte-blanche,Bartell-Treutel,2027-10
184,mastercard,Fay and Sons,2027-03
185,jcb,"Rice, Sanford and Shields",2026-03
186,jcb,Wisozk LLC,2027-08
187,maestro,Wilderman Inc,2028-06
188,jcb,Lockman Inc,2026-09
189,diners-club-us-ca,White and Sons,2028-02
190,china-unionpay,Durgan and Sons,2026-03
191,switch,Ondricka Group,2028-01
192,visa,Ziemann Inc,2027-07
193,jcb,Ondricka-Herman,2026-04
194,visa-electron,Cassin-Hyatt,2027-08
195,jcb,Dickinson-Bode,2028-08
196,switch,Lynch LLC,2028-04
197,mastercard,Lemke-Mohr,2026-01
198,jcb,"Predovic, Tromp and Fahey",2027-03
199,americanexpress,"Kautzer, Stehr and Monahan",2026-10
200,diners-club-enroute,Wiegand and Sons,2027-02
201,china-unionpay,Dietrich-Tremblay,2027-06
202,jcb,"Thompson, Parisian and Denesik",2027-05
203,solo,"Kiehn, Leannon and Moen",2026-07
204,jcb,Murazik-Nienow,2026-01
205,visa,Sawayn-Thiel,2027-08
206,china-unionpay,"Boyer, Bogisich and Macejkovic",2027-10
207,visa,Grady Group,2026-09
208,maestro,Anderson-Simonis,2026-10
209,jcb,"Frami, Weissnat and Rogahn",2027-05
210,switch,Schmidt-Anderson,2026-08
211,jcb,"Bergstrom, Hauck and Schaden",2025-10
212,diners-club-international,Bailey-Rowe,2028-01
213,maestro,Schumm Inc,2026-01
214,diners-club-enroute,Cartwright-Hane,2028-06
215,maestro,"Rohan, Kiehn and Leannon",2025-10
216,instapayment,Cronin-McKenzie,2028-01
217,jcb,"Gibson, Brekke and Von",2026-09
218,jcb,D'Amore-Mante,2025-12
219,maestro,"Cartwright, Fahey and Reichert",2025-12
220,mastercard,Schneider Inc,2027-01
221,jcb,Littel Inc,2028-08
222,diners-club-enroute,Rice-Rice,2028-03
223,jcb,"Hilpert, Becker and Gulgowski",2028-08
224,jcb,"Pouros, Mayert and Zemlak",2027-03
225,bankcard,"Swaniawski, Pagac and Johns",2028-01
226,visa,Gibson LLC,2026-12
227,mastercard,"Mante, Durgan and Kovacek",2026-06
228,jcb,"Schneider, Johnston and Braun",2027-07
229,china-unionpay,Buckridge Inc,2028-06
230,maestro,"Waters, Hansen and Bradtke",2028-06
231,jcb,"Kreiger, Wilkinson and Murazik",2027-10
232,mastercard,Mitchell-Daugherty,2027-09
233,jcb,Anderson and Sons,2027-03
234,jcb,"Blick, Herman and O'Connell",2027-08
235,diners-club-carte-blanche,"Oberbrunner, Bauch and Langosh",2026-05
236,maestro,"Sauer, Volkman and Schimmel",2027-12
237,jcb,McGlynn-Stracke,2027-05
238,jcb,"Zemlak, Hudson and Pacocha",2027-03
239,jcb,Connelly LLC,2026-12
240,jcb,Mosciski Inc,2027-12
241,diners-club-carte-blanche,"Boyer, Goyette and Dach",2026-09
242,mastercard,Stokes-Bauch,2027-10
243,jcb,Ziemann-Thompson,2028-01
244,maestro,Nolan LLC,2027-07
245,jcb,Lindgren Group,2028-07
246,diners-club-enroute,Johnson-Hyatt,2028-07
247,diners-club-enroute,"Cremin, Hand and Denesik",2026-11
248,mastercard,"Prohaska, Medhurst and Volkman",2027-01
249,jcb,Beahan and Sons,2027-05
250,diners-club-carte-blanche,Wilkinson LLC,2025-12
251,maestro,Simonis-Romaguera,2026-12
252,jcb,"Hauck, Hammes and Cormier",2026-04
253,diners-club-international,Lubowitz-Block,2027-04
254,china-unionpay,Williamson Group,2028-06
255,jcb,Watsica-Johns,2026-06
256,jcb,"Ledner, Quigley and Labadie",2028-02
257,jcb,Schiller-Homenick,2026-09
258,visa,"Glover, Rath and Pollich",2028-08
259,jcb,Wyman and Sons,2027-10
260,bankcard,Miller-Walter,2028-01
261,china-unionpay,Lowe and Sons,2025-11
262,jcb,Brekke-Durgan,2026-12
263,diners-club-us-ca,Swaniawski-Cronin,2027-12
264,diners-club-enroute,Fadel Group,2026-11
265,jcb,Hills LLC,2028-04
266,china-unionpay,Larkin Inc,2026-02
267,switch,Sawayn and Sons,2028-01
268,jcb,Farrell Group,2026-07
269,visa-electron,"Ward, Effertz and Sporer",2025-11
270,china-unionpay,Dibbert Group,2026-05
271,switch,Buckridge and Sons,2026-06
272,jcb,Spinka Inc,2027-07
273,jcb,Raynor and Sons,2028-06
274,jcb,Lesch-Mertz,2026-12
275,jcb,Brown Inc,2026-05
276,jcb,Willms-Bashirian,2027-11
277,bankcard,O'Keefe-Cummings,2025-10
278,jcb,Mayert-Leannon,2026-08
279,laser,Gutkowski-Huel,2026-04
280,diners-club-enroute,Bogisich-McCullough,2026-05
281,jcb,Pollich-Weber,2026-02
282,visa-electron,Rolfson-Waters,2026-03
283,jcb,Ledner-Rohan,2027-08
284,jcb,Olson Inc,2027-05
285,jcb,"Morar, Hilll and Langosh",2028-05
286,jcb,Bechtelar and Sons,2025-12
287,mastercard,Wuckert and Sons,2027-01
288,laser,Reinger-Willms,2028-05
289,mastercard,Erdman Inc,2026-03
290,jcb,Ziemann-Purdy,2027-12
291,maestro,Weissnat-Kub,2027-02
292,maestro,"Luettgen, Erdman and MacGyver",2027-07
293,visa-electron,Lang-O'Hara,2027-01
294,diners-club-enroute,"Crist, Braun and Heaney",2026-03
295,jcb,"Macejkovic, Quigley and Conroy",2026-08
296,jcb,"Jacobson, Orn and Smith",2028-06
297,jcb,Hirthe LLC,2027-01
298,bankcard,"Gleason, Jones and Herzog",2028-08
299,jcb,Lehner-Dietrich,2027-11
300,diners-club-enroute,Beer and Sons,2028-01
301,jcb,Hammes-Waelchi,2027-01
302,americanexpress,Christiansen-Jakubowski,2026-07
303,diners-club-enroute,Schultz-Wintheiser,2028-04
304,instapayment,"Emmerich, Tromp and Nader",2027-01
305,jcb,"Nienow, Turner and Reynolds",2028-04
306,mastercard,Bauch LLC,2026-09
307,jcb,Shanahan Inc,2027-04
308,instapayment,"Auer, Goodwin and Gutmann",2025-11
309,jcb,Ziemann-Christiansen,2027-07
310,switch,Braun-Pfeffer,2028-01
311,mastercard,Hyatt-Hills,2027-04
312,diners-club-carte-blanche,Towne Group,2026-03
313,jcb,Cartwright Group,2026-06
314,mastercard,Herzog-Greenfelder,2026-06
315,jcb,Wilkinson-Farrell,2027-07
316,jcb,"Kuphal, Pagac and Stanton",2026-08
317,switch,Hegmann-Dach,2028-09
318,maestro,Willms and Sons,2028-07
319,china-unionpay,Turner-Bogisich,2028-05
320,jcb,"Marks, Hahn and Lubowitz",2026-04
321,jcb,Daugherty Group,2025-12
322,china-unionpay,"Terry, Shanahan and Wintheiser",2026-06
323,americanexpress,Marvin-Leffler,2028-06
324,jcb,"Hickle, Rice and Gerlach",2028-08
325,mastercard,"Keebler, Hegmann and Tremblay",2027-11
326,americanexpress,Senger-Haag,2027-12
327,jcb,Pouros-Reichert,2026-01
328,jcb,Brakus Group,2026-04
329,jcb,"Kreiger, Kuphal and Stokes",2026-04
330,visa,"Bergnaum, Ebert and Rodriguez",2027-07
331,bankcard,Murray Group,2026-08
332,mastercard,"Considine, Schmidt and Mohr",2026-09
333,jcb,Cartwright-Leannon,2027-06
334,china-unionpay,"Boehm, Gulgowski and Ankunding",2028-09
335,jcb,"Christiansen, Glover and Walker",2028-02
336,diners-club-carte-blanche,O'Kon and Sons,2027-02
337,jcb,Parker-Casper,2026-03
338,diners-club-carte-blanche,Dach-Hills,2027-03
339,jcb,Bogan-Goodwin,2026-06
340,china-unionpay,"Sporer, Barton and Johnston",2028-05
341,mastercard,"Doyle, Mueller and Streich",2026-04
342,switch,Reichert Inc,2025-10
343,jcb,"Farrell, Heidenreich and Aufderhar",2026-04
344,diners-club-carte-blanche,Cruickshank-Runolfsson,2026-08
345,jcb,"Corkery, Carroll and Kuphal",2028-05
346,jcb,Gleichner-Kuhn,2027-08
347,diners-club-enroute,Witting-Upton,2028-01
348,instapayment,"Langosh, Ratke and Will",2026-01
349,laser,O'Hara-Crona,2027-12
350,jcb,Abernathy Group,2027-01
351,jcb,Bailey-Keebler,2028-02
352,china-unionpay,Waelchi LLC,2027-11
353,diners-club-enroute,Volkman LLC,2027-10
354,diners-club-carte-blanche,Hickle LLC,2028-08
355,bankcard,"Daniel, Spinka and Rau",2027-09
356,diners-club-us-ca,Feil-Howe,2027-05
357,china-unionpay,Rippin-Leuschke,2028-06
358,mastercard,"Schultz, Sauer and Pollich",2028-03
359,jcb,Prohaska LLC,2026-08
360,laser,"Ullrich, Harris and Koch",2026-07
361,jcb,Abshire-Spinka,2028-08
362,visa-electron,Lindgren-Hamill,2025-12
363,jcb,Bartell-Murazik,2027-04
364,mastercard,Gleichner LLC,2026-06
365,instapayment,"Rogahn, Hane and Rosenbaum",2028-05
366,jcb,Gerhold Group,2027-06
367,diners-club-us-ca,Altenwerth-Borer,2027-05
368,jcb,"Ratke, Ward and Cronin",2027-05
369,switch,"Hagenes, Beer and Balistreri",2025-11
370,mastercard,"Cartwright, Bauch and Mosciski",2025-12
371,maestro,Treutel Group,2027-08
372,maestro,Corwin-Huel,2027-08
373,china-unionpay,Weber and Sons,2026-10
374,jcb,"Larson, Crist and Greenfelder",2028-03
375,maestro,Morissette Group,2027-11
376,visa-electron,Rau-Rempel,2026-06
377,jcb,Blanda LLC,2026-08
378,mastercard,Corwin-Koss,2027-10
379,mastercard,Bahringer-Herman,2026-12
380,maestro,"Bednar, Ernser and Casper",2028-08
381,jcb,Kreiger-Koss,2026-07
382,jcb,Bartoletti Inc,2026-02
383,switch,Mills-Koch,2026-05
384,americanexpress,Donnelly Inc,2026-10
385,jcb,Sanford LLC,2028-05
386,americanexpress,Batz and Sons,2028-09
387,maestro,"Champlin, Sipes and Brekke",2028-06
388,jcb,Dickens-Ratke,2027-01
389,laser,Bogisich Group,2026-01
390,diners-club-carte-blanche,Rippin-Schroeder,2027-10
391,jcb,"Glover, Reilly and Barton",2028-03
392,jcb,Stamm Group,2026-09
393,mastercard,"Parker, Romaguera and O'Reilly",2025-12
394,jcb,Stamm LLC,2027-04
395,jcb,Bayer-Jast,2027-03
396,jcb,Feeney and Sons,2027-02
397,laser,Stoltenberg LLC,2026-03
398,bankcard,"Miller, Ziemann and Block",2027-01
399,mastercard,Dickinson-Tremblay,2026-12
400,diners-club-enroute,Turner-Gulgowski,2026-08
401,visa-electron,Smitham Group,2027-02
402,americanexpress,Larson-Schuppe,2026-03
403,laser,"Lakin, Feeney and Halvorson",2027-09
404,diners-club-carte-blanche,"Johns, Fritsch and Kshlerin",2027-03
405,jcb,Gulgowski Inc,2026-05
406,maestro,Torphy Group,2026-11
407,china-unionpay,Friesen Group,2028-06
408,jcb,Nitzsche and Sons,2027-05
409,switch,Skiles LLC,2026-04
410,bankcard,Lemke Inc,2028-06
411,visa,Jerde-Kertzmann,2027-05
412,diners-club-enroute,Leffler LLC,2028-05
413,bankcard,"Frami, Dicki and Witting",2028-08
414,jcb,Jacobi-West,2027-04
415,jcb,Moore-Ernser,2028-04
416,maestro,Thiel-Schumm,2027-01
417,jcb,Flatley and Sons,2028-06
418,americanexpress,Roob Inc,2025-11
419,jcb,"O'Hara, Thompson and Littel",2028-06
420,bankcard,"Dach, Ernser and Breitenberg",2028-01
421,maestro,Bode-Windler,2028-03
422,laser,Wehner Group,2027-04
423,visa-electron,Bernier-Herman,2026-03
424,maestro,"Labadie, Hoeger and Prosacco",2027-06
425,mastercard,"Swaniawski, Pacocha and Schaden",2026-09
426,switch,Blanda-Conn,2026-04
427,jcb,Turcotte-Fahey,2026-04
428,jcb,"O'Conner, Kihn and Ankunding",2027-12
429,jcb,Hilpert Group,2028-04
430,visa-electron,Stark Inc,2028-03
431,mastercard,McLaughlin and Sons,2026-05
432,laser,"Gleason, Pagac and Predovic",2027-12
433,visa-electron,"Purdy, Haley and Jacobi",2027-08
434,jcb,"Monahan, Tremblay and Brekke",2028-04
435,jcb,Lindgren LLC,2028-06
436,diners-club-us-ca,"Bruen, Russel and Johnston",2027-05
437,jcb,"D'Amore, Erdman and Conroy",2027-11
438,jcb,"Wuckert, Swift and Kuhn",2027-08
439,jcb,"Howe, VonRueden and McKenzie",2025-11
440,jcb,Bergnaum-Stark,2027-02
441,jcb,Ziemann LLC,2026-12
442,visa-electron,Ruecker Group,2026-10
443,mastercard,Cremin and Sons,2026-10
444,jcb,"Dare, Cruickshank and Grimes",2028-05
445,jcb,Kreiger-Towne,2026-07
446,jcb,"Bradtke, Lockman and Ratke",2028-07
447,mastercard,Lang Inc,2026-02
448,instapayment,"Konopelski, Wilderman and McKenzie",2026-08
449,jcb,Reynolds-Hilll,2026-11
450,jcb,Koepp and Sons,2028-09
451,jcb,Bruen-Nader,2027-06
452,jcb,"Conroy, Zieme and Smitham",2028-03
453,maestro,Wintheiser and Sons,2028-02
454,jcb,"Bernier, Strosin and Rutherford",2027-02
455,jcb,Pagac and Sons,2026-03
456,jcb,Block-Gutkowski,2026-06
457,jcb,Schaden-Hahn,2028-08
458,jcb,Vandervort-Boehm,2028-02
459,mastercard,Doyle-Muller,2028-02
460,jcb,"Wuckert, Cormier and Zieme",2027-08
461,jcb,Bins-Auer,2027-05
462,mastercard,Legros Inc,2027-12
463,china-unionpay,McDermott LLC,2028-05
464,diners-club-carte-blanche,Beahan-Emard,2027-06
465,jcb,McKenzie Inc,2028-01
466,bankcard,Kilback-Jacobson,2026-07
467,jcb,Kutch-Jakubowski,2027-03
468,visa-electron,Hills-Daugherty,2027-10
469,laser,Kilback-Huel,2028-02
470,bankcard,Welch LLC,2026-12
471,jcb,Tremblay-Mante,2027-07
472,mastercard,Corkery Group,2025-11
473,jcb,Fritsch and Sons,2028-06
474,diners-club-enroute,Hegmann and Sons,2026-05
475,jcb,Bosco-Langworth,2026-10
476,jcb,Strosin-Stoltenberg,2026-12
477,china-unionpay,"Emmerich, Daniel and Bednar",2025-11
478,laser,Gutmann LLC,2026-08
479,maestro,"O'Keefe, Zboncak and Powlowski",2025-12
480,bankcard,Brekke-Haley,2027-04
481,jcb,"Hilpert, Jacobson and Okuneva",2025-10
482,jcb,Boehm Group,2025-11
483,jcb,"Bednar, Jacobson and Donnelly",2026-09
484,visa-electron,Beier LLC,2028-03
485,jcb,Von and Sons,2026-04
486,instapayment,Simonis LLC,2028-08
487,bankcard,Veum-Herman,2027-10
488,diners-club-carte-blanche,Monahan-Wiegand,2027-01
489,maestro,Bernhard Inc,2027-09
490,china-unionpay,"Klein, Mertz and Raynor",2028-03
491,diners-club-us-ca,Schamberger Inc,2027-09
492,diners-club-carte-blanche,Maggio Group,2026-04
493,instapayment,"Morissette, Hammes and Quigley",2028-03
494,bankcard,"Johns, Waters and Beier",2025-12
495,jcb,Walker-Simonis,2026-06
496,maestro,Douglas-Cronin,2025-11
497,jcb,Langworth LLC,2028-04
498,jcb,Hayes-Buckridge,2027-05
499,visa,Smith-Koss,2026-12
500,jcb,Wilderman Inc,2028-09
501,jcb,"Mitchell, Kassulke and Stanton",2028-07
502,maestro,Brown LLC,2028-02
503,jcb,Robel LLC,2027-09
504,diners-club-carte-blanche,Beatty LLC,2026-02
505,jcb,Bogan-Dicki,2027-08
506,visa,Hermann-Bashirian,2028-02
507,jcb,"Feil, Parisian and Kohler",2028-07
508,jcb,"Weber, Schiller and Doyle",2028-02
509,diners-club-enroute,Tremblay LLC,2026-06
510,visa-electron,Tromp Inc,2026-03
511,mastercard,Crona and Sons,2028-04
512,diners-club-carte-blanche,Nicolas-Goyette,2027-02
513,solo,"O'Hara, McDermott and Kshlerin",2026-05
514,jcb,Kris and Sons,2025-12
515,jcb,Lindgren-Schamberger,2028-01
516,jcb,"Senger, Klocko and Orn",2026-06
517,americanexpress,"Quitzon, Orn and Ryan",2026-09
518,jcb,"Cummerata, Boyer and Hand",2026-12
519,jcb,Feeney and Sons,2026-02
520,jcb,"Windler, Erdman and Welch",2027-03
521,jcb,Hegmann Group,2026-03
522,china-unionpay,Cummings LLC,2028-06
523,jcb,"Bruen, Graham and Fay",2026-10
524,jcb,"Witting, Rowe and Lebsack",2026-02
525,jcb,Homenick LLC,2026-06
526,jcb,Mayer-Heathcote,2028-05
527,jcb,Huels-Bayer,2028-03
528,bankcard,Jakubowski-Doyle,2027-10
529,china-unionpay,Dickens-Watsica,2026-04
530,jcb,"Bartoletti, Beatty and Kshlerin",2025-10
531,diners-club-carte-blanche,Schuster-Heaney,2027-12
532,mastercard,"Cronin, Champlin and Towne",2027-04
533,jcb,"Stoltenberg, Kovacek and Ebert",2027-01
534,mastercard,Hirthe-D'Amore,2027-12
535,diners-club-enroute,"Mertz, Wolf and Carter",2026-02
536,maestro,Maggio-Glover,2028-06
537,switch,"Paucek, Kuvalis and Metz",2027-08
538,jcb,Hessel Inc,2027-12
539,visa,Kiehn-Daniel,2027-01
540,jcb,Schneider Group,2028-06
541,mastercard,"Altenwerth, Stiedemann and Orn",2028-08
542,jcb,Emard-Parisian,2026-06
543,bankcard,Trantow-Spinka,2026-05
544,diners-club-us-ca,Herman-Grimes,2028-07
545,jcb,McClure-Emmerich,2026-04
546,americanexpress,"O'Keefe, Hamill and Dicki",2027-11
547,jcb,Roob Group,2027-08
548,jcb,"Wyman, Volkman and Brakus",2028-09
549,diners-club-carte-blanche,"Lesch, Johns and Rempel",2027-07
550,maestro,"Weimann, Gorczany and Heidenreich",2026-12
551,jcb,Boyer-Corwin,2028-02
552,switch,Hodkiewicz-Simonis,2025-12
553,jcb,Von-Rosenbaum,2026-06
554,jcb,Rodriguez-Douglas,2028-09
555,mastercard,"Terry, Okuneva and Farrell",2027-10
556,jcb,Krajcik LLC,2027-07
557,mastercard,"Christiansen, Zulauf and Stokes",2027-08
558,switch,Nitzsche LLC,2028-01
559,visa-electron,Rice Group,2026-12
560,jcb,Anderson-Wisozk,2026-09
561,bankcard,Johns-Huels,2028-04
562,jcb,Feest-Schumm,2026-08
563,laser,Grant-Bernhard,2026-11
564,visa-electron,"Prohaska, O'Conner and Kerluke",2027-01
565,jcb,"Sanford, Considine and Maggio",2026-11
566,diners-club-international,"Schiller, Murray and Leuschke",2027-03
567,mastercard,Okuneva-Schmitt,2025-12
568,maestro,"Wehner, Nitzsche and Medhurst",2026-03
569,jcb,Hahn-Will,2027-06
570,instapayment,"Rutherford, Shanahan and Wunsch",2028-01
571,diners-club-carte-blanche,Donnelly-Hagenes,2026-03
572,diners-club-us-ca,Nolan-Morissette,2026-08
573,china-unionpay,Rath-D'Amore,2027-08
574,jcb,Streich-Walsh,2028-05
575,visa,"Block, Rempel and Swaniawski",2026-12
576,jcb,Gutkowski-Collier,2028-09
577,jcb,Mayer-Grimes,2026-08
578,jcb,"Abernathy, Lemke and Steuber",2026-11
579,americanexpress,McLaughlin LLC,2025-12
580,instapayment,Upton and Sons,2027-10
581,jcb,Koelpin Group,2027-09
582,china-unionpay,"Hyatt, Altenwerth and Fadel",2025-12
583,maestro,Okuneva-Price,2028-09
584,jcb,Cormier Group,2027-08
585,maestro,Heidenreich-Tromp,2028-09
586,jcb,DuBuque-Rutherford,2026-12
587,mastercard,"Bergnaum, Botsford and Blick",2028-08
588,jcb,"Berge, Schiller and Hudson",2027-02
589,jcb,Jakubowski-Lynch,2025-12
590,bankcard,"Hauck, Balistreri and Langworth",2027-04
591,jcb,"Block, Pouros and Bashirian",2027-04
592,laser,"Boehm, Tromp and Nicolas",2027-02
593,jcb,"Bartoletti, Lowe and Herman",2027-03
594,jcb,Kirlin and Sons,2027-01
595,jcb,"Crona, Dietrich and Lang",2028-06
596,visa-electron,Jacobson-Goldner,2028-05
597,maestro,Hoppe LLC,2026-06
598,jcb,"Waelchi, Hirthe and Block",2028-05
599,jcb,Kuhlman Inc,2027-08
600,maestro,Goodwin Group,2026-12
601,visa-electron,Howell Inc,2026-05
602,bankcard,"Stracke, Hintz and Cummings",2025-11
603,mastercard,Miller Group,2027-01
604,maestro,"Botsford, Smitham and Hettinger",2027-12
605,diners-club-enroute,Aufderhar and Sons,2026-09
606,jcb,Hahn-Hodkiewicz,2026-07
607,jcb,Adams-Rolfson,2026-11
608,jcb,"Pfeffer, Braun and Quigley",2027-01
609,diners-club-international,Huels LLC,2026-10
610,americanexpress,Ryan Group,2026-10
611,jcb,Rodriguez-McGlynn,2026-10
612,china-unionpay,VonRueden-Bosco,2026-04
613,mastercard,Friesen LLC,2027-07
614,mastercard,Kling Group,2026-08
615,jcb,"Murazik, McCullough and Ortiz",2027-11
616,diners-club-enroute,Franecki Inc,2028-08
617,switch,"Hayes, Collier and Hirthe",2027-10
618,jcb,"Bergstrom, Spencer and Stroman",2027-06
619,jcb,Maggio Inc,2026-03
620,china-unionpay,"Hagenes, Hodkiewicz and Collier",2028-06
621,maestro,Adams Group,2025-11
622,bankcard,Prosacco and Sons,2028-07
623,jcb,Monahan-Hilpert,2025-11
624,jcb,"Mosciski, Stoltenberg and Johnson",2027-03
625,switch,Dietrich Group,2025-11
626,jcb,"VonRueden, Trantow and Bayer",2027-08
627,bankcard,"Gorczany, Upton and Haley",2027-04
628,diners-club-us-ca,"Mertz, Durgan and Batz",2026-02
629,maestro,Pouros-Purdy,2026-10
630,mastercard,McDermott-Hand,2028-01
631,mastercard,Conroy-Braun,2028-06
632,jcb,"Satterfield, Parisian and Stiedemann",2027-04
633,diners-club-carte-blanche,Lang Inc,2027-03
634,jcb,McDermott-Howell,2028-09
635,jcb,Nader Inc,2028-01
636,jcb,Jast-Bradtke,2027-09
637,switch,Weissnat-Dicki,2028-04
638,visa-electron,Hettinger-Spinka,2026-08
639,jcb,Robel Group,2027-08
640,solo,Douglas-Mitchell,2025-12
641,solo,"Hoppe, Schneider and Jaskolski",2027-08
642,switch,Goldner Group,2026-01
643,jcb,"Kutch, Bartell and Maggio",2026-02
644,jcb,"Kozey, Kutch and Reichert",2027-02
645,diners-club-enroute,Haag Group,2025-11
646,jcb,"Cartwright, Swaniawski and Goodwin",2026-11
647,jcb,"Littel, Kuhn and Watsica",2026-04
648,jcb,"Strosin, Considine and Runte",2026-04
649,americanexpress,Hahn Group,2026-09
650,jcb,Ruecker Group,2026-11
651,maestro,Runolfsdottir Inc,2028-01
652,switch,Champlin Group,2026-09
653,switch,Marvin-Sauer,2027-06
654,americanexpress,Maggio-Kuhlman,2027-09
655,americanexpress,Daniel-Wiza,2026-08
656,jcb,Rolfson-Keeling,2025-11
657,diners-club-enroute,Olson Group,2027-09
658,switch,"Nicolas, Mosciski and Schuster",2028-02
659,maestro,Will and Sons,2025-11
660,jcb,Auer-Rath,2027-03
661,jcb,Hegmann-Bashirian,2028-03
662,americanexpress,"Beatty, Bernier and Block",2027-02
663,diners-club-carte-blanche,Johnston-Johns,2025-11
664,mastercard,Conn-Mills,2028-05
665,diners-club-carte-blanche,Hane-Barrows,2026-06
666,bankcard,Schultz-Howe,2026-01
667,jcb,Anderson LLC,2028-07
668,jcb,"Dickinson, Bergstrom and Buckridge",2027-09
669,china-unionpay,"Klocko, Kertzmann and Friesen",2027-10
670,switch,Murazik-Christiansen,2026-11
671,jcb,Rice-Streich,2026-03
672,mastercard,Davis Group,2028-05
673,jcb,"Zemlak, Konopelski and Klocko",2027-05
674,diners-club-international,Mraz Group,2027-06
675,jcb,Rohan and Sons,2026-05
676,jcb,"Cummerata, Stehr and Terry",2027-07
677,jcb,Lemke-Green,2027-02
678,switch,"Halvorson, Kertzmann and Wilkinson",2026-06
679,maestro,Gulgowski-Ledner,2028-09
680,diners-club-enroute,"Lynch, Pfannerstill and Jaskolski",2028-01
681,switch,Dibbert-Raynor,2025-11
682,jcb,Gutkowski-Ryan,2027-03
683,visa-electron,"Stracke, Hudson and Renner",2027-06
684,jcb,"Larkin, Hills and Batz",2026-01
685,mastercard,Hauck-Gerhold,2027-12
686,jcb,Romaguera Inc,2026-05
687,diners-club-enroute,Schoen-Kilback,2026-07
688,china-unionpay,Becker and Sons,2028-01
689,jcb,Lubowitz-Schultz,2027-01
690,maestro,Schmeler-Rempel,2028-05
691,jcb,Nicolas-Johnson,2028-08
692,mastercard,Haag-Weissnat,2028-01
693,mastercard,Mante Inc,2026-04
694,visa,Collins Inc,2026-03
695,diners-club-carte-blanche,Friesen-Hartmann,2025-10
696,jcb,"Stamm, Fahey and Schneider",2027-08
697,jcb,MacGyver LLC,2028-07
698,jcb,Farrell-Hayes,2027-04
699,mastercard,Kuphal-Smith,2026-11
700,mastercard,Champlin Group,2026-06
701,jcb,"Zulauf, Hintz and Shields",2026-05
702,jcb,Schulist LLC,2027-06
703,diners-club-carte-blanche,Kuvalis-Stracke,2027-03
704,jcb,Borer and Sons,2027-05
705,jcb,"Orn, Kassulke and D'Amore",2026-12
706,diners-club-enroute,"Champlin, Trantow and Rath",2026-01
707,jcb,"Hudson, Kunde and Hirthe",2027-09
708,jcb,Mayer-Rolfson,2026-12
709,mastercard,"Bahringer, Muller and Lueilwitz",2027-01
710,visa-electron,Schiller-Homenick,2028-03
711,jcb,Goldner-Ortiz,2028-06
712,bankcard,Hayes-Hackett,2025-10
713,mastercard,Cartwright-Rogahn,2027-08
714,jcb,Barton and Sons,2025-12
715,jcb,Beer-West,2026-11
716,diners-club-carte-blanche,Doyle-Ebert,2027-12
717,jcb,Ondricka-Donnelly,2027-10
718,diners-club-carte-blanche,"Klocko, Herman and Thompson",2026-04
719,jcb,"Koepp, Bins and Jenkins",2028-01
720,bankcard,Goldner Group,2028-09
721,diners-club-international,"Franecki, VonRueden and Kohler",2027-05
722,jcb,"Kulas, Anderson and Quitzon",2027-09
723,maestro,Weber-Steuber,2025-10
724,solo,Koelpin Group,2027-10
725,jcb,Ullrich and Sons,2028-08
726,diners-club-enroute,"Kihn, Murazik and Metz",2027-03
727,jcb,"Klocko, Murray and Jenkins",2027-04
728,mastercard,"O'Kon, Goyette and Feest",2025-10
729,diners-club-carte-blanche,"Mraz, Stoltenberg and Hilll",2028-03
730,switch,"Hoeger, O'Conner and Smitham",2026-11
731,diners-club-us-ca,Runolfsson-Purdy,2026-06
732,switch,Franecki-Russel,2026-11
733,mastercard,"Bode, Ebert and Nicolas",2025-12
734,solo,Wuckert Inc,2026-03
735,jcb,Bernhard-Ortiz,2028-06
736,instapayment,Howe and Sons,2026-06
737,jcb,Donnelly Group,2025-10
738,jcb,"Kling, Lebsack and Hermiston",2026-08
739,visa,Kessler Inc,2026-09
740,jcb,"Raynor, Jerde and Hackett",2026-07
741,diners-club-us-ca,Jast Group,2027-11
742,switch,"Dickinson, Zulauf and Kassulke",2028-08
743,instapayment,Wolf-Cole,2027-06
744,jcb,"Bergstrom, Bergstrom and Krajcik",2025-11
745,maestro,Bosco and Sons,2028-05
746,jcb,"Senger, Cummings and Kessler",2026-10
747,mastercard,"Kessler, Pfeffer and Kuhn",2027-07
748,jcb,Dare-Gleichner,2025-11
749,diners-club-enroute,Spencer-Gottlieb,2026-05
750,jcb,Harber-Beier,2027-09
751,jcb,Quitzon-O'Hara,2028-07
752,jcb,"Donnelly, Bartell and Nikolaus",2028-09
753,mastercard,"Okuneva, Lemke and Hartmann",2028-04
754,mastercard,"Wunsch, Hermann and Gibson",2028-08
755,china-unionpay,Lueilwitz-Rosenbaum,2028-06
756,visa-electron,Kunze-Douglas,2027-09
757,maestro,Jacobson-Barton,2028-02
758,mastercard,Pfannerstill LLC,2028-06
759,jcb,Crona-Weissnat,2028-07
760,jcb,Gerhold-Runolfsdottir,2027-03
761,americanexpress,"Kreiger, Lynch and Hintz",2026-07
762,visa-electron,"Boehm, Wolff and Spinka",2026-12
763,visa-electron,"Tremblay, Anderson and Boyle",2026-08
764,laser,Terry-Treutel,2028-09
765,mastercard,"Mueller, Little and Crist",2026-07
766,visa-electron,"Haley, Corkery and Kozey",2028-09
767,americanexpress,Waelchi-Roob,2027-10
768,jcb,"Tillman, Hoppe and Herzog",2026-12
769,switch,"Larkin, Bartoletti and Dietrich",2027-08
770,jcb,"Ruecker, Spinka and Muller",2027-09
771,jcb,"Casper, Emmerich and Reynolds",2025-11
772,switch,Satterfield-Pfannerstill,2026-11
773,jcb,Koelpin Inc,2026-12
774,jcb,Lowe Group,2026-05
775,china-unionpay,Torphy Inc,2027-02
776,diners-club-enroute,Gibson Group,2026-01
777,switch,Cole and Sons,2027-01
778,switch,Bednar LLC,2025-12
779,jcb,Hermiston and Sons,2026-07
780,jcb,Paucek-Armstrong,2026-10
781,bankcard,Renner Group,2026-02
782,laser,Hoeger Inc,2028-09
783,jcb,Runolfsson Group,2026-10
784,switch,Hudson-Ryan,2026-04
785,jcb,Hoeger-Jakubowski,2027-03
786,jcb,"King, Wolff and Trantow",2026-08
787,jcb,"Hackett, Oberbrunner and Haag",2026-01
788,jcb,Wiegand and Sons,2028-08
789,americanexpress,Hills-Klein,2028-04
790,diners-club-enroute,"Schowalter, Weissnat and Renner",2028-04
791,switch,"Abernathy, Kutch and Cassin",2026-11
792,jcb,Mueller and Sons,2026-08
793,maestro,Sauer and Sons,2026-04
794,visa,Boyle Inc,2028-02
795,visa-electron,Olson-Ritchie,2027-05
796,jcb,"Jacobson, Predovic and Shields",2028-02
797,switch,"Marks, Ondricka and Lakin",2026-05
798,jcb,"McCullough, Bashirian and Lockman",2026-12
799,jcb,Hayes-Stamm,2028-03
800,mastercard,Jacobi Group,2027-12
801,diners-club-carte-blanche,Nolan Inc,2028-06
802,diners-club-carte-blanche,Kunde LLC,2025-11
803,jcb,Stokes-Roob,2028-09
804,americanexpress,McLaughlin Inc,2028-09
805,jcb,Bailey LLC,2027-06
806,switch,Hagenes-Kshlerin,2026-12
807,jcb,Murphy Group,2026-03
808,china-unionpay,"West, Ebert and Kshlerin",2026-05
809,china-unionpay,"Kohler, Gutmann and Hintz",2026-04
810,mastercard,"Reichert, Corwin and Simonis",2025-10
811,maestro,"Walsh, Bahringer and Bauch",2028-08
812,diners-club-enroute,"Beier, Runte and Dach",2027-06
813,visa-electron,Kertzmann and Sons,2027-01
814,americanexpress,Casper-Watsica,2028-09
815,jcb,"Koepp, Hirthe and Hilll",2026-04
816,americanexpress,Langosh-Collier,2028-02
817,jcb,Renner-Powlowski,2027-08
818,visa-electron,Weissnat-Wisoky,2026-06
819,jcb,Beatty-Schmitt,2027-05
820,diners-club-enroute,"Pfannerstill, Parisian and Witting",2027-05
821,jcb,"Anderson, Hartmann and Pacocha",2028-02
822,maestro,Wiegand and Sons,2026-01
823,jcb,"Jerde, Hartmann and Kertzmann",2027-08
824,switch,"Luettgen, Wisozk and Purdy",2026-07
825,mastercard,Senger-Jakubowski,2028-02
826,mastercard,Sauer Group,2028-06
827,jcb,"Hirthe, Stanton and Parker",2028-05
828,americanexpress,Kiehn and Sons,2028-01
829,jcb,Vandervort LLC,2028-07
830,maestro,Schuster-Schumm,2028-01
831,jcb,"Hartmann, Smitham and Franecki",2028-06
832,jcb,"Ernser, Ernser and Raynor",2027-03
833,jcb,"Pacocha, Koelpin and Mills",2026-02
834,jcb,Kulas-Abshire,2026-09
835,solo,"Mayer, O'Kon and Walker",2027-12
836,jcb,Harvey LLC,2027-10
837,laser,Mante Inc,2025-12
838,visa-electron,Stiedemann Inc,2026-09
839,jcb,Ferry LLC,2026-05
840,jcb,Veum Group,2028-02
841,bankcard,Rau-Cronin,2028-02
842,diners-club-us-ca,Jaskolski Inc,2027-08
843,jcb,"Wiza, Kuhn and Walker",2027-10
844,jcb,Rolfson LLC,2027-04
845,switch,Wintheiser Inc,2028-06
846,switch,"Heidenreich, Wolf and Hand",2027-11
847,diners-club-enroute,"Ebert, Rath and Lesch",2027-10
848,mastercard,Harber and Sons,2028-08
849,mastercard,Jaskolski and Sons,2026-12
850,visa-electron,Balistreri-Bosco,2026-05
851,jcb,"Bergstrom, Strosin and Padberg",2027-04
852,laser,Schmidt and Sons,2025-10
853,switch,McCullough Group,2028-01
854,americanexpress,"Champlin, McGlynn and Price",2027-10
855,diners-club-carte-blanche,Treutel Group,2026-06
856,mastercard,Bogisich Group,2028-08
857,jcb,Mann-Nikolaus,2027-06
858,jcb,"Lowe, Maggio and Stanton",2027-02
859,jcb,"Kulas, Bogisich and Monahan",2027-07
860,jcb,Mayert-Schowalter,2028-04
861,solo,Abshire LLC,2027-06
862,maestro,Connelly and Sons,2026-09
863,jcb,Pouros Group,2028-07
864,diners-club-carte-blanche,"Robel, Windler and Shanahan",2028-04
865,diners-club-carte-blanche,O'Connell-Koepp,2025-11
866,laser,"Hegmann, Barrows and Pagac",2028-05
867,maestro,Wilderman-Krajcik,2028-05
868,switch,O'Hara and Sons,2025-12
869,jcb,"Kohler, VonRueden and Krajcik",2028-09
870,jcb,Schulist-Watsica,2026-04
871,americanexpress,Roob-Mueller,2027-11
872,bankcard,West-Zboncak,2028-04
873,maestro,Stoltenberg-Fritsch,2027-03
874,americanexpress,Stokes-Sipes,2027-08
875,diners-club-carte-blanche,Huels Group,2028-05
876,americanexpress,"Gerhold, Bauch and Kilback",2026-10
877,maestro,Ruecker-Pagac,2026-09
878,jcb,Hand-Labadie,2027-03
879,china-unionpay,"Heller, Blanda and Carroll",2028-05
880,jcb,Hickle Group,2025-10
881,jcb,Sawayn Group,2027-02
882,mastercard,Towne and Sons,2027-10
883,jcb,Stiedemann Inc,2027-08
884,switch,Monahan LLC,2028-03
885,diners-club-enroute,"Mitchell, Kovacek and Larson",2028-05
886,americanexpress,"Rowe, Russel and McGlynn",2027-06
887,visa,O'Reilly Group,2026-03
888,mastercard,Koss and Sons,2026-10
889,jcb,Ferry and Sons,2027-09
890,visa,"Kling, Kshlerin and Rutherford",2028-03
891,diners-club-carte-blanche,"Stanton, Lemke and Swift",2026-03
892,jcb,"Pfeffer, Heller and Blanda",2026-12
893,visa-electron,Von LLC,2027-08
894,jcb,"Hermiston, Bashirian and McClure",2026-06
895,mastercard,"Blick, Jast and Smith",2026-05
896,mastercard,Morar Inc,2027-08
897,visa,"Swaniawski, Ledner and Parker",2027-06
898,visa,Wolf Group,2028-09
899,jcb,"Leannon, Glover and Feeney",2027-02
900,jcb,Gutkowski and Sons,2028-06
901,diners-club-carte-blanche,Hahn and Sons,2028-05
902,laser,Boehm-Johns,2026-05
903,americanexpress,Marquardt-Ledner,2028-06
904,jcb,"Beier, Jerde and Grimes",2026-07
905,diners-club-enroute,"Rosenbaum, Bosco and Price",2028-04
906,bankcard,Schumm Inc,2026-07
907,mastercard,Fritsch-Quitzon,2027-10
908,china-unionpay,Reilly-Collier,2026-08
909,diners-club-enroute,Abernathy and Sons,2028-10
910,diners-club-carte-blanche,Wiegand Group,2027-05
911,jcb,Zieme Inc,2026-05
912,jcb,Hyatt and Sons,2028-01
913,bankcard,"Klocko, Heidenreich and Upton",2026-03
914,switch,Hane Inc,2026-01
915,bankcard,Streich and Sons,2026-10
916,switch,Runolfsson-Bechtelar,2027-06
917,diners-club-enroute,Aufderhar-Thiel,2028-06
918,diners-club-carte-blanche,"Veum, MacGyver and Beatty",2027-02
919,maestro,Christiansen and Sons,2028-02
920,jcb,Von-Walker,2026-12
921,switch,Anderson Group,2026-04
922,maestro,Langosh-Batz,2027-08
923,mastercard,O'Conner Inc,2027-01
924,jcb,Mayer-Anderson,2027-08
925,jcb,Friesen-Franecki,2028-03
926,diners-club-enroute,Mante Inc,2027-02
927,visa,"Considine, Huels and Wolf",2027-11
928,jcb,"Gerlach, Goldner and Gottlieb",2026-12
929,diners-club-enroute,Lebsack LLC,2027-01
930,mastercard,Cremin Group,2027-12
931,jcb,Abshire-Stokes,2028-09
932,jcb,Welch LLC,2027-08
933,solo,Gorczany LLC,2027-01
934,maestro,"Carter, Lynch and Crist",2028-03
935,jcb,"Ratke, Bergstrom and Botsford",2027-04
936,diners-club-enroute,"Schiller, Rosenbaum and Littel",2025-12
937,laser,"Monahan, Quigley and Heathcote",2026-12
938,visa,Powlowski-Haley,2027-05
939,maestro,Weissnat-Huels,2025-12
940,visa,Hammes-Becker,2027-11
941,switch,Renner-Schamberger,2028-07
942,jcb,Upton-Schiller,2027-04
943,americanexpress,Hackett-Hickle,2028-04
944,diners-club-carte-blanche,"Fay, Reynolds and Kihn",2028-03
945,laser,Beatty and Sons,2026-01
946,mastercard,Kohler-Koch,2026-01
947,jcb,"Hills, Wintheiser and Predovic",2026-11
948,visa-electron,Bartoletti Group,2027-02
949,jcb,"Wilderman, Skiles and Brekke",2028-05
950,diners-club-carte-blanche,"Lynch, Bode and Ankunding",2028-07
951,jcb,Goyette-Steuber,2026-03
952,maestro,Ferry Inc,2028-07
953,china-unionpay,Collier-Schroeder,2025-12
954,jcb,Bartoletti-Flatley,2027-07
955,visa,"Schmidt, Runolfsson and Murray",2027-08
956,switch,Maggio-White,2027-03
957,solo,Kemmer and Sons,2026-12
958,jcb,"Macejkovic, Hirthe and Haag",2026-08
959,jcb,Crist Group,2027-02
960,switch,Bayer LLC,2025-12
961,mastercard,Rodriguez Group,2028-05
962,jcb,"Johnston, Smith and Quigley",2025-12
963,jcb,"Hansen, Gleichner and Rosenbaum",2027-10
964,mastercard,"Bosco, Corkery and Beier",2027-11
965,jcb,"Mertz, Daugherty and Bartell",2026-01
966,jcb,Ortiz-O'Conner,2028-09
967,maestro,"Hegmann, Rogahn and Prosacco",2026-12
968,solo,Bogisich Group,2026-06
969,jcb,"Hyatt, McCullough and Little",2027-12
970,jcb,"Hirthe, Schuppe and Lebsack",2027-01
971,china-unionpay,Aufderhar-Schmeler,2028-01
972,jcb,Ebert Group,2027-12
973,china-unionpay,White-Robel,2027-04
974,jcb,Stiedemann-Lakin,2028-02
975,diners-club-enroute,Pfannerstill Group,2028-03
976,jcb,Hauck Group,2027-11
977,laser,Reynolds-Reichel,2028-06
978,jcb,"Blanda, Sporer and Keeling",2025-10
979,jcb,Kertzmann-Flatley,2027-04
980,jcb,"Dickens, Pfannerstill and Kuphal",2026-04
981,visa-electron,"Gerhold, Gislason and Kuvalis",2028-05
982,maestro,Haley-Denesik,2028-08
983,maestro,Bode LLC,2028-01
984,maestro,Hickle-Cremin,2028-07
985,diners-club-enroute,Kozey-Bartoletti,2027-04
986,jcb,"Gutkowski, Ernser and O'Reilly",2027-05
987,jcb,McClure and Sons,2027-03
988,jcb,Raynor-Pacocha,2026-12
989,jcb,Pfeffer Group,2028-08
990,jcb,Thiel-Orn,2026-09
991,solo,Bartell and Sons,2026-06
992,jcb,"Wisozk, Padberg and Ebert",2026-12
993,switch,"Jones, Weissnat and Oberbrunner",2027-05
994,jcb,Lesch and Sons,2026-12
995,jcb,"Altenwerth, Borer and Simonis",2026-12
996,maestro,Hammes LLC,2027-04
997,jcb,Schinner LLC,2027-05
998,bankcard,Dooley-Willms,2026-09
999,mastercard,Kihn-Ankunding,2027-09
1000,americanexpress,Parisian LLC,2028-01
